File,Genre,Premiere,Runtime,Seasons,Title,Language,Partner/Country
netflix-ori-program_table_0.csv,Science fiction horror,"July 15, 2016",42–150 min,"4 seasons, 34 episodes",Stranger Things,,
netflix-ori-program_table_0.csv,Historical drama,"November 4, 2016",47–61 min,"5 seasons, 50 episodes",The Crown,,
netflix-ori-program_table_0.csv,Superhero action,"February 15, 2019",40–60 min,"3 seasons, 30 episodes",The Umbrella Academy,,
netflix-ori-program_table_0.csv,Romantic drama,"December 6, 2019",39–49 min,"5 seasons, 52 episodes",Virgin River,,
netflix-ori-program_table_0.csv,Fantasy drama,"December 20, 2019",47–67 min,"3 seasons, 24 episodes",The Witcher,,
netflix-ori-program_table_0.csv,Coming-of-age/drama,"April 15, 2020",42–79 min,"3 seasons, 30 episodes",Outer Banks,,
netflix-ori-program_table_0.csv,Romantic drama,"May 19, 2020",43–54 min,"3 seasons, 30 episodes",Sweet Magnolias,,
netflix-ori-program_table_0.csv,Teen drama,"May 20, 2020",43–53 min,"3 seasons, 19 episodes",Blood & Water,,
netflix-ori-program_table_0.csv,Psychological thriller,"September 18, 2020",45–62 min,"1 season, 8 episodes",Ratched,,
netflix-ori-program_table_0.csv,Historical romance,"December 25, 2020",53–72 min,"2 seasons, 16 episodes",Bridgerton,,
netflix-ori-program_table_0.csv,Coming-of-age/drama,"February 24, 2021",52–62 min,"2 seasons, 20 episodes",Ginny & Georgia,,
netflix-ori-program_table_0.csv,Fantasy drama,"April 23, 2021",45–63 min,"2 seasons, 16 episodes",Shadow and Bone,,
netflix-ori-program_table_0.csv,Fantasy drama,"June 4, 2021",37–57 min,"2 seasons, 16 episodes",Sweet Tooth,,
netflix-ori-program_table_0.csv,Historical drama,"February 25, 2022",43–59 min,"2 seasons, 16 episodes",Vikings: Valhalla,,
netflix-ori-program_table_0.csv,Drama,"May 12, 2022",43–54 min,"1 season, 6 episodes",Savage Beauty,,
netflix-ori-program_table_0.csv,Legal thriller,"May 13, 2022",43–55 min,"2 seasons, 20 episodes",The Lincoln Lawyer,,
netflix-ori-program_table_0.csv,Fantasy,"August 5, 2022",37–64 min,"1 season, 11 episodes",The Sandman,,
netflix-ori-program_table_0.csv,Teen drama,"September 14, 2022",45–51 min,"1 season, 8 episodes",Heartbreak High,,
netflix-ori-program_table_0.csv,Horror,"October 13, 2022",44–52 min,"1 season, 7 episodes",The Watcher,,
netflix-ori-program_table_0.csv,Spy adventure,"December 16, 2022",50–58 min,"1 season, 8 episodes",The Recruit,,
netflix-ori-program_table_0.csv,Political thriller,"March 23, 2023",45–56 min,"1 season, 10 episodes",The Night Agent,,
netflix-ori-program_table_0.csv,Crime thriller,"March 29, 2023",40–52 min,"1 season, 6 episodes",Unseen,,
netflix-ori-program_table_0.csv,Political thriller,"April 20, 2023",44–56 min,"1 season, 8 episodes",The Diplomat,,
netflix-ori-program_table_0.csv,Drama,"June 22, 2023",39–46 min,"1 season, 10 episodes",Glamorous,,
netflix-ori-program_table_0.csv,Thriller,"July 7, 2023",26–35 min,"1 season, 14 episodes",Fatal Seduction,,
netflix-ori-program_table_0.csv,Action-adventure,"August 31, 2023",49–64 min,"1 season, 8 episodes",One Piece,,
netflix-ori-program_table_0.csv,Coming-of-age/drama,"September 15, 2023",33–42 min,"1 season, 6 episodes",Miseducation,,
netflix-ori-program_table_0.csv,Awaiting release,Awaiting release,Awaiting release,Awaiting release,Awaiting release,,
netflix-ori-program_table_0.csv,Thriller/drama,"January 1, 2024",TBA,TBA,Fool Me Once,,
netflix-ori-program_table_0.csv,Biopic crime drama,"January 25, 2024",TBA,6 episodes,Griselda,,
netflix-ori-program_table_1.csv,Sketch comedy,"April 23, 2019",14–18 min,"3 seasons, 18 episodes",I Think You Should Leave with Tim Robinson,,
netflix-ori-program_table_1.csv,Comedy drama,"October 2, 2020",24–38 min,"3 seasons, 30 episodes",Emily in Paris,,
netflix-ori-program_table_1.csv,Sitcom,"May 12, 2021",22–29 min,"4 parts, 32 episodes",The Upshaws,,
netflix-ori-program_table_1.csv,Comedy,"August 24, 2022",21–31 min,"1 season, 8 episodes",Mo,,
netflix-ori-program_table_1.csv,Comedy horror,"November 23, 2022",47–59 min,"1 season, 8 episodes",Wednesday,,
netflix-ori-program_table_1.csv,Period teen sitcom,"January 19, 2023",21–30 min,"1 season, 10 episodes",That '90s Show,,
netflix-ori-program_table_1.csv,Comedy,"March 30, 2023",20–26 min,"1 season, 8 episodes",Unstable,,
netflix-ori-program_table_1.csv,Comedy drama,"April 6, 2023",30–39 min,"1 season, 10 episodes",Beef,,
netflix-ori-program_table_1.csv,Romance comedy drama,"May 18, 2023",24–34 min,"1 season, 10 episodes","XO, Kitty",,
netflix-ori-program_table_1.csv,Spy action comedy,"May 25, 2023",45–59 min,"1 season, 8 episodes",FUBAR,,
netflix-ori-program_table_1.csv,Comedy drama,"July 13, 2023",24–28 min,"1 season, 8 episodes",Survival of the Thickest,,
netflix-ori-program_table_1.csv,Comedy drama,"October 5, 2023",44–50 min,"1 season, 8 episodes",Everything Now,,
netflix-ori-program_table_1.csv,Comedy,"October 19, 2023",26–30 min,"1 season, 8 episodes",Neon,,
netflix-ori-program_table_1.csv,Awaiting release,Awaiting release,Awaiting release,Awaiting release,Awaiting release,,
netflix-ori-program_table_1.csv,Action comedy,"November 30, 2023",TBA,"1 season, 8 episodes",Obliterated,,
netflix-ori-program_table_2.csv,Teen drama,"April 22, 2022",26–40 min,"2 seasons, 16 episodes",Heartstopper,,
netflix-ori-program_table_3.csv,Coming-of-age comedy,"September 29, 2017",25–46 min,"7 seasons, 71 episodes",Big Mouth,English,
netflix-ori-program_table_3.csv,Anthology,"March 15, 2019",6–21 min,"3 volumes, 35 episodes","Love, Death & Robots",English,
netflix-ori-program_table_3.csv,Comedy,"July 1, 2021",11–38 min,"2 seasons, 14 episodes",Masameer County,Arabic,
netflix-ori-program_table_3.csv,Spy comedy,"March 17, 2023",23–26 min,"1 season, 10 episodes",Agent Elvis,English,
netflix-ori-program_table_3.csv,Science fiction comedy,"May 12, 2023",25–27 min,"1 season, 10 episodes",Mulligan,English,
netflix-ori-program_table_3.csv,Comedy,"June 9, 2023",24–34 min,"1 season, 6 episodes",This World Can't Tear Me Down,Italian,
netflix-ori-program_table_3.csv,Comedy,"July 28, 2023",26–27 min,"1 season, 10 episodes",Captain Fall,English,
netflix-ori-program_table_3.csv,Action,"November 3, 2023",35–62 min,"1 season, 8 episodes",Blue Eye Samurai,English,
netflix-ori-program_table_3.csv,Awaiting release,Awaiting release,Awaiting release,Awaiting release,Awaiting release,Awaiting release,
netflix-ori-program_table_3.csv,Comedy drama,"December 15, 2023",TBA,10 episodes,​Carol & The End of The World,English,
netflix-ori-program_table_3.csv,Animation,"January 25, 2024",TBA,TBA,Masters of the Universe: Revolution,English,
netflix-ori-program_table_4.csv,Martial arts,"July 31, 2019",24–27 min,"2 seasons, 36 episodes",Kengan Ashura,Japanese,
netflix-ori-program_table_4.csv,Fantasy action,"October 27, 2020",25–37 min,"1 season, 8 episodes",Blood of Zeus,English,
netflix-ori-program_table_4.csv,Action,"June 17, 2021",23–26 min,"2 seasons, 27 episodes",Record of Ragnarok,Japanese,
netflix-ori-program_table_4.csv,Martial arts,"September 30, 2021",24–25 min,"2 seasons, 39 episodes",Baki Hanma,Japanese,
netflix-ori-program_table_4.csv,Dark fantasy,"June 30, 2022",23–25 min,"2 seasons, 39 episodes","Bastard!! -Heavy Metal, Dark Fantasy-",Japanese,
netflix-ori-program_table_4.csv,Science fiction,"May 18, 2023",27–45 min,"1 season, 6 episodes",Yakitori: Soldiers of Misfortune,Japanese,
netflix-ori-program_table_4.csv,Adventure,"June 22, 2023",19–25 min,"1 season, 8 episodes",Skull Island,English,
netflix-ori-program_table_4.csv,Historical drama,"June 29, 2023",25–79 min,"1 season, 10 episodes",Ōoku: The Inner Chambers,Japanese,
netflix-ori-program_table_4.csv,Kaiju science fiction,"September 7, 2023",43–47 min,"1 season, 6 episodes",Gamera Rebirth,Japanese,
netflix-ori-program_table_4.csv,Dark fantasy,"September 28, 2023",24–30 min,"1 season, 8 episodes",Castlevania: Nocturne,English,
netflix-ori-program_table_4.csv,Fantasy,"October 12, 2023",24–30 min,"1 season, 12 episodes",Good Night World,Japanese,
netflix-ori-program_table_4.csv,Science fiction,"October 19, 2023",20–25 min,"1 season, 6 episodes",Captain Laserhawk: A Blood Dragon Remix,English,
netflix-ori-program_table_4.csv,Science fiction,"October 26, 2023",56–71 min,"1 season, 8 episodes",Pluto,Japanese,
netflix-ori-program_table_4.csv,Action-adventure,"November 2, 2023",22–36 min,"1 season, 8 episodes",Onimusha,Japanese,
netflix-ori-program_table_4.csv,Awaiting release,Awaiting release,Awaiting release,Awaiting release,Awaiting release,Awaiting release,
netflix-ori-program_table_4.csv,Fantasy,"November 9, 2023",TBA,TBA,Akuma-kun,Japanese,
netflix-ori-program_table_4.csv,Fantasy romantic comedy,"November 17, 2023",TBA,TBA,Scott Pilgrim Takes Off,English,
netflix-ori-program_table_4.csv,Fantasy adventure,"November 23, 2023",TBA,TBA,My Daemon,Japanese,
netflix-ori-program_table_4.csv,Historical fantasy,"November 28, 2023",TBA,TBA,Onmyōji,Japanese,
netflix-ori-program_table_5.csv,,"September 14, 2018",24–33 min,"5 seasons, 45 episodes",The Dragon Prince,English,
netflix-ori-program_table_5.csv,,"September 21, 2018",24–46 min,"2 seasons, 26 episodes",Hilda,English,
netflix-ori-program_table_5.csv,,"January 5, 2021",23–30 min,"8 seasons, 57 episodes",Gabby's Dollhouse,English,
netflix-ori-program_table_5.csv,,"January 26, 2021",24 min,"3 seasons, 26 episodes","Go, Dog. Go!",English,
netflix-ori-program_table_5.csv,,"August 24, 2021",22 min,"3 seasons, 52 episodes",Oggy Oggy,No spoken language,
netflix-ori-program_table_5.csv,,"September 3, 2021",14–24 min,"3 seasons, 21 episodes",Sharkdog,English,
netflix-ori-program_table_5.csv,,"September 28, 2021",15–29 min,"4 seasons, 41 episodes","Ada Twist, Scientist",English,
netflix-ori-program_table_5.csv,,"April 12, 2022",27–29 min,"3 chapters, 20 episodes",The Creature Cases,English,
netflix-ori-program_table_5.csv,,"May 26, 2022",23–45 min,"5 chapters, 23 episodes",My Little Pony: Make Your Mark,English,
netflix-ori-program_table_5.csv,,"October 10, 2022",29 min,"2 seasons, 20 episodes",Spirit Rangers,English,
netflix-ori-program_table_5.csv,,"November 21, 2022",18–23 min,"2 seasons, 22 episodes",StoryBots: Answer Time,English,
netflix-ori-program_table_5.csv,,"December 15, 2022",21–43 min,"2 seasons, 16 episodes",Sonic Prime,English,
netflix-ori-program_table_5.csv,,"January 30, 2023",14–25 min,"2 seasons, 34 episodes",Princess Power,English,
netflix-ori-program_table_5.csv,,"February 9, 2023",19–44 min,"2 seasons, 19 episodes",My Dad the Bounty Hunter,English,
netflix-ori-program_table_5.csv,,"May 4, 2023",14–20 min,"1 season, 9 episodes",Larva Family,English,
netflix-ori-program_table_5.csv,,"May 18, 2023",23–28 min,"1 season, 10 episodes",Kitti Katz,English,
netflix-ori-program_table_5.csv,,"June 19, 2023",13–23 min,"1 season, 27 episodes",Not Quite Narwhal,English,
netflix-ori-program_table_5.csv,,"July 20, 2023",26–30 min,"1 season, 8 episodes",Supa Team 4,English,
netflix-ori-program_table_5.csv,,"July 24, 2023",13 min,"1 season, 28 episodes",Dew Drop Diaries,English,
netflix-ori-program_table_5.csv,,"August 10, 2023",20–30 min,"1 season, 10 episodes",Mech Cadets,English,
netflix-ori-program_table_5.csv,,"September 25, 2023",23–42 min,"1 season, 9 episodes",Little Baby Bum: Music Time,English,
netflix-ori-program_table_5.csv,,"November 2, 2023",24–75 min,"1 season, 9 episodes",Unicorn Academy,English,
netflix-ori-program_table_5.csv,,Awaiting release,Awaiting release,Awaiting release,Awaiting release,Awaiting release,
netflix-ori-program_table_5.csv,,"November 17, 2023",TBA,"1 season, 9 episodes",CoComelon Lane,English,
netflix-ori-program_table_6.csv,Drama,"August 12, 2021",44–52 min,"1 season, 6 episodes",AlRawabi School for Girls,,
netflix-ori-program_table_6.csv,Comedy drama,"February 3, 2022",46–55 min,"1 season, 6 episodes",Finding Ola,,
netflix-ori-program_table_6.csv,Drama,"February 8, 2023",48–57 min,"1 season, 6 episodes",The Exchange,,
netflix-ori-program_table_6.csv,Drama,"July 13, 2023",32–42 min,"1 season, 7 episodes",Devil's Advocate,,
netflix-ori-program_table_6.csv,Comedy drama,"September 6, 2023",27–35 min,"1 season, 6 episodes",Tahir's House,,
netflix-ori-program_table_6.csv,Drama,"September 20, 2023",39–55 min,"1 season, 6 episodes",Hard Broken,,
netflix-ori-program_table_7.csv,Mystery thriller,"January 8, 2021",40–52 min,"3 parts, 17 episodes",Lupin,,
netflix-ori-program_table_7.csv,Thriller,"September 24, 2021",40–51 min,"2 seasons, 12 episodes",Ganglands,,
netflix-ori-program_table_7.csv,Comedy,"January 20, 2023",26–34 min,"1 season, 6 episodes",Represent,,
netflix-ori-program_table_7.csv,Drama,"April 7, 2023",30–38 min,"1 season, 8 episodes",Thicker Than Water,,
netflix-ori-program_table_7.csv,Awaiting release,Awaiting release,Awaiting release,Awaiting release,Awaiting release,,
netflix-ori-program_table_7.csv,Crime drama,"December 6, 2023",TBA,TBA,Blood Coast,,
netflix-ori-program_table_8.csv,Dark comedy,"May 31, 2019",24–36 min,"3 seasons, 18 episodes",How to Sell Drugs Online (Fast),,
netflix-ori-program_table_8.csv,Thriller,"August 19, 2022",44–56 min,"1 season, 8 episodes",Kleo,,
netflix-ori-program_table_8.csv,Historical drama,"September 29, 2022",51–61 min,"1 season, 6 episodes",The Empress,,
netflix-ori-program_table_9.csv,Police procedural,"March 22, 2019",36–64 min,"2 seasons, 12 episodes",Delhi Crime,,
netflix-ori-program_table_9.csv,Crime drama,"March 20, 2020",31–51 min,"2 seasons, 14 episodes",She,,
netflix-ori-program_table_9.csv,Romantic comedy,"November 20, 2020",29–42 min,"2 seasons, 14 episodes",Mismatched,,
netflix-ori-program_table_9.csv,Romantic thriller,"January 14, 2022",31–51 min,"1 season, 8 episodes",Yeh Kaali Kaali Ankhein,,
netflix-ori-program_table_9.csv,Crime thriller,"November 25, 2022",41–68 min,"1 season, 7 episodes",Khakee: The Bihar Chapter,,
netflix-ori-program_table_9.csv,Teen crime thriller,"February 3, 2023",47–58 min,"1 season, 8 episodes",Class,,
netflix-ori-program_table_9.csv,Crime drama,"March 10, 2023",39–50 min,"1 season, 10 episodes",Rana Naidu,,
netflix-ori-program_table_9.csv,Romantic horror comedy,"April 20, 2023",30–47 min,"1 season, 8 episodes",Tooth Pari: When Love Bites,,
netflix-ori-program_table_9.csv,True crime drama,"June 2, 2023",52–71 min,"1 season, 6 episodes",Scoop,,
netflix-ori-program_table_9.csv,Crime comedy thriller,"August 18, 2023",44–81 min,"1 season, 7 episodes",Guns & Gulaabs,,
netflix-ori-program_table_9.csv,Dark crime comedy,"September 29, 2023",34–52 min,"1 season, 8 episodes",Choona,,
netflix-ori-program_table_9.csv,Drama,"October 18, 2023",57–70 min,"1 season, 7 episodes",Kaala Paani,,
netflix-ori-program_table_9.csv,Awaiting release,Awaiting release,Awaiting release,Awaiting release,Awaiting release,,
netflix-ori-program_table_9.csv,Thriller,"November 18, 2023",TBA,4 episodes,The Railway Men – The Untold Story of Bhopal 1984,,
netflix-ori-program_table_10.csv,Coming-of-age,"May 18, 2022",24–52 min,"2 seasons, 22 episodes",Di4ries,,
netflix-ori-program_table_10.csv,Drama,"October 14, 2022",42–49 min,"1 season, 7 episodes",Everything Calls for Salvation,,
netflix-ori-program_table_10.csv,Comedy,"December 7, 2022",28–39 min,"1 season, 6 episodes",I Hate Christmas,,
netflix-ori-program_table_10.csv,Period legal drama,"February 15, 2023",44–52 min,"1 season, 6 episodes",The Law According to Lidia Poët,,
netflix-ori-program_table_10.csv,Awaiting release,Awaiting release,Awaiting release,Awaiting release,Awaiting release,,
netflix-ori-program_table_10.csv,Crime drama,"November 14, 2023",TBA,"1 season, 8 episodes",Suburræterna,,
netflix-ori-program_table_11.csv,Fantasy thriller,"December 10, 2020",41–80 min,"2 seasons, 16 episodes",Alice in Borderland,,
netflix-ori-program_table_11.csv,Sports drama,"May 4, 2023",31–64 min,"1 season, 8 episodes",Sanctuary,,
netflix-ori-program_table_11.csv,Drama,"June 1, 2023",46–66 min,"1 season, 8 episodes",The Days,,
netflix-ori-program_table_11.csv,Mystery thriller,"July 13, 2023",41–54 min,"1 season, 8 episodes",Burn the House Down,,
netflix-ori-program_table_11.csv,Awaiting release,Awaiting release,Awaiting release,Awaiting release,Awaiting release,,
netflix-ori-program_table_11.csv,Adventure,"December 14, 2023",TBA,TBA,YuYu Hakusho,,
netflix-ori-program_table_12.csv,Apocalyptic horror,"December 18, 2020",44–59 min,"1 season, 10 episodes",Sweet Home,,
netflix-ori-program_table_12.csv,Military drama,"August 27, 2021",41–64 min,"2 seasons, 12 episodes",D.P.,,
netflix-ori-program_table_12.csv,Survival thriller,"September 17, 2021",32–63 min,"1 season, 9 episodes",Squid Game,,
netflix-ori-program_table_12.csv,Supernatural drama,"November 19, 2021",42–60 min,"1 season, 6 episodes",Hellbound,,
netflix-ori-program_table_12.csv,Zombie apocalypse,"January 28, 2022",53–71 min,"1 season, 12 episodes",All of Us Are Dead,,
netflix-ori-program_table_12.csv,Revenge drama,"December 30, 2022",47–71 min,"1 season, 16 episodes",The Glory,,
netflix-ori-program_table_12.csv,Romantic comedy,"February 10, 2023",44–63 min,"1 season, 10 episodes",Love to Hate You,,
netflix-ori-program_table_12.csv,Political drama,"April 14, 2023",62–74 min,"1 season, 11 episodes",Queenmaker,,
netflix-ori-program_table_12.csv,Dystopian action thriller,"May 12, 2023",44–51 min,"1 season, 6 episodes",Black Knight,,
netflix-ori-program_table_12.csv,Action drama,"June 9, 2023",54–74 min,"1 season, 8 episodes",Bloodhounds,,
netflix-ori-program_table_12.csv,Social thriller,"June 30, 2023",37–53 min,"1 season, 12 episodes",Celebrity,,
netflix-ori-program_table_12.csv,Dark comedy thriller,"August 18, 2023",50–64 min,"1 season, 7 episodes",Mask Girl,,
netflix-ori-program_table_12.csv,Romantic fantasy,"September 8, 2023",46–75 min,"1 season, 12 episodes",A Time Called You,,
netflix-ori-program_table_12.csv,Period action drama,"September 22, 2023",48–69 min,"1 season, 9 episodes",Song of the Bandits,,
netflix-ori-program_table_12.csv,Coming-of-age romantic drama,"October 20, 2023",42–49 min,"1 season, 9 episodes",Doona!,,
netflix-ori-program_table_12.csv,Medical drama,"November 3, 2023",52–72 min,"1 season, 12 episodes",Daily Dose of Sunshine,,
netflix-ori-program_table_12.csv,Awaiting release,Awaiting release,Awaiting release,Awaiting release,Awaiting release,,
netflix-ori-program_table_12.csv,Historical thriller,"December 22, 2023",TBA,TBA,Gyeongseong Creature,,
netflix-ori-program_table_13.csv,Thriller,"April 30, 2020",62–67 min,"1 season, 8 episodes",The Victims' Game,,
netflix-ori-program_table_13.csv,Crime drama,"March 31, 2023",51–70 min,"1 season, 10 episodes",Copycat Killer,,
netflix-ori-program_table_13.csv,Political drama,"April 28, 2023",44–55 min,"1 season, 8 episodes",Wave Makers,,
netflix-ori-program_table_13.csv,Awaiting release,Awaiting release,Awaiting release,Awaiting release,Awaiting release,,
netflix-ori-program_table_13.csv,Romantic drama/Anthology,"November 10, 2023",TBA,"1 season, 10 episodes",At the Moment,,
netflix-ori-program_table_14.csv,Dark comedy,"October 19, 2022",28–35 min,"1 season, 8 episodes",The Green Glove Gang,,
netflix-ori-program_table_14.csv,Drama,"February 17, 2023",44–51 min,"1 season, 6 episodes",A Girl and an Astronaut,,
netflix-ori-program_table_14.csv,Drama,"September 6, 2023",44–52 min,"1 season, 8 episodes",Infamy,,
netflix-ori-program_table_14.csv,Romantic drama,"October 25, 2023",45–47 min,"1 season, 6 episodes",Absolute Beginners,,
netflix-ori-program_table_14.csv,Awaiting release,Awaiting release,Awaiting release,Awaiting release,Awaiting release,,
netflix-ori-program_table_14.csv,Drama,"November 15, 2023",TBA,TBA,Feedback,,
netflix-ori-program_table_15.csv,Crime teen drama,"August 9, 2019",37–57 min,"4 seasons, 26 episodes",Sintonia,,
netflix-ori-program_table_15.csv,Crime drama,"October 1, 2020",41–55 min,"2 seasons, 14 episodes","Good Morning, Verônica",,
netflix-ori-program_table_15.csv,Fantasy thriller,"February 5, 2021",31–51 min,"2 seasons, 12 episodes",Invisible City,,
netflix-ori-program_table_15.csv,Comedy,"February 25, 2022",34–44 min,"2 seasons, 12 episodes",Back to 15,,
netflix-ori-program_table_15.csv,Sitcom,"April 13, 2022",23–26 min,"2 seasons, 20 episodes",Smother-in-Law,,
netflix-ori-program_table_15.csv,Comedy,"February 15, 2023",30–37 min,"1 season, 10 episodes",#NoFilter,,
netflix-ori-program_table_15.csv,Thriller,"May 26, 2023",41–51 min,"1 season, 7 episodes",Turn of the Tide,,
netflix-ori-program_table_15.csv,Comedy,"September 6, 2023",26–31 min,"1 season, 8 episodes",Reporting for Duty,,
netflix-ori-program_table_15.csv,Awaiting release,Awaiting release,Awaiting release,Awaiting release,Awaiting release,,
netflix-ori-program_table_15.csv,Crime drama,"November 14, 2023",TBA,TBA,Criminal Code,,
netflix-ori-program_table_16.csv,Crime teen drama,"October 5, 2018",40–61 min,"7 seasons, 56 episodes",Elite,,
netflix-ori-program_table_16.csv,Thriller/drama,"April 20, 2022",38–51 min,"2 seasons, 24 episodes",The Marked Heart,,
netflix-ori-program_table_16.csv,Drama,"October 14, 2022",33–40 min,"1 season, 8 episodes",Holy Family,,
netflix-ori-program_table_16.csv,Comedy,"December 30, 2022",30–37 min,"1 season, 10 episodes",Alpha Males,,
netflix-ori-program_table_16.csv,Thriller,"January 27, 2023",42–49 min,"1 season, 6 episodes",The Snow Girl,,
netflix-ori-program_table_16.csv,Romantic drama,"February 15, 2023",36–46 min,"1 season, 13 episodes",Eva Lasting,,
netflix-ori-program_table_16.csv,Comedy,"February 17, 2023",23–29 min,"1 season, 8 episodes",Community Squad,,
netflix-ori-program_table_16.csv,Thriller,"February 22, 2023",38–48 min,"1 season, 8 episodes",Triptych,,
netflix-ori-program_table_16.csv,Biopic,"April 26, 2023",36–46 min,"1 season, 8 episodes",Love After Music,,
netflix-ori-program_table_16.csv,Thriller,"May 19, 2023",44–47 min,"1 season, 6 episodes",Muted,,
netflix-ori-program_table_16.csv,Telenovela,"May 31, 2023",34–46 min,"1 season, 10 episodes",Fake Profile,,
netflix-ori-program_table_16.csv,Drama,"June 14, 2023",33–44 min,"1 season, 24 episodes",The Surrogacy,,
netflix-ori-program_table_16.csv,Supernatural drama,"August 16, 2023",35–47 min,"1 season, 6 episodes",The Chosen One,,
netflix-ori-program_table_16.csv,Drama,"October 11, 2023",35–43 min,"1 season, 18 episodes",Pact of Silence,,
netflix-ori-program_table_16.csv,Awaiting release,Awaiting release,Awaiting release,Awaiting release,Awaiting release,,
netflix-ori-program_table_16.csv,Comedy drama,"November 17, 2023",TBA,TBA,Nothing to See Here,,
netflix-ori-program_table_16.csv,Heist crime drama,"December 29, 2023",TBA,TBA,Berlin,,
netflix-ori-program_table_17.csv,Coming-of-age/drama,"July 1, 2021",40–50 min,"2 seasons, 12 episodes",Young Royals,,
netflix-ori-program_table_17.csv,Heist crime drama,"June 5, 2023",31–34 min,"1 season, 6 episodes",Barracuda Queens,,
netflix-ori-program_table_17.csv,Coming-of-age comedy drama,"October 27, 2023",29–34 min,"1 season, 6 episodes",Tore,,
netflix-ori-program_table_17.csv,Awaiting release,Awaiting release,Awaiting release,Awaiting release,Awaiting release,,
netflix-ori-program_table_17.csv,Crime thriller,"November 24, 2023",TBA,TBA,A Nearly Normal Family,,
netflix-ori-program_table_18.csv,Romantic thriller,"June 28, 2023",40–54 min,"1 season, 8 episodes",Delete,,
netflix-ori-program_table_18.csv,Dark comedy thriller,"September 6, 2023",40–66 min,"1 season, 6 episodes",6ixtynin9 The Series,,
netflix-ori-program_table_18.csv,Awaiting release,Awaiting release,Awaiting release,Awaiting release,Awaiting release,,
netflix-ori-program_table_18.csv,Drama,"December 7, 2023",TBA,TBA,Analog Squad,,
netflix-ori-program_table_19.csv,Period drama,"November 5, 2021",29–69 min,"2 seasons, 20 episodes",The Club,,
netflix-ori-program_table_19.csv,Drama,"March 3, 2022",40–47 min,"1 season, 8 episodes",Midnight at the Pera Palace,,
netflix-ori-program_table_19.csv,Sitcom,"May 13, 2022",38–56 min,"1 season, 8 episodes",The Life and Movies of Erşan Kuneri,,
netflix-ori-program_table_19.csv,Drama,"June 3, 2022",41–51 min,"1 season, 8 episodes",As the Crow Flies,,
netflix-ori-program_table_19.csv,Thriller,"March 24, 2023",35–46 min,"1 season, 7 episodes",Who Were We Running From?,,
netflix-ori-program_table_19.csv,Mystery,"May 2, 2023",28–48 min,"3 seasons, 23 episodes",The Tailor,,
netflix-ori-program_table_20.csv,Romantic comedy drama,"June 8, 2022",27–33 min,"1 season, 6 episodes",Baby Fever,Danish,
netflix-ori-program_table_20.csv,Slice of life sitcom,"April 20, 2023",21–24 min,"1 season, 10 episodes",Ex-Addicts Club,Indonesian,
netflix-ori-program_table_20.csv,Crime drama,"July 15, 2023",44–50 min,"1 season, 6 episodes",Kohrra,Punjabi,
netflix-ori-program_table_20.csv,Period drama,"November 2, 2023",58–74 min,"1 season, 5 episodes",Cigarette Girl,Indonesian,
netflix-ori-program_table_20.csv,Crime drama,"November 3, 2023",36–51 min,"1 season, 8 episodes",Ferry: The Series,Dutch,
netflix-ori-program_table_20.csv,Awaiting release,Awaiting release,Awaiting release,Awaiting release,Awaiting release,Awaiting release,
netflix-ori-program_table_20.csv,Drama,"November 9, 2023",TBA,TBA,Bros,Hebrew,
netflix-ori-program_table_20.csv,Comedy,"November 24, 2023",TBA,"1 season, 6 episodes",Ololade,Yoruba,
netflix-ori-program_table_20.csv,Drama,"November 24, 2023",TBA,TBA,Replacing Chef Chico,Filipino,
netflix-ori-program_table_21.csv,Travel,"January 12, 2018",32–63 min,"6 seasons, 33 episodes",Somebody Feed Phil,English,
netflix-ori-program_table_21.csv,Sports,"December 14, 2018",30–53 min,"2 seasons, 14 episodes",Sunderland 'Til I Die,English,
netflix-ori-program_table_21.csv,Sports,"March 8, 2019",27–51 min,"5 seasons, 50 episodes",Formula 1: Drive to Survive,English,
netflix-ori-program_table_21.csv,Nature,"April 5, 2019",49–54 min,"2 seasons, 12 episodes",Our Planet,English,
netflix-ori-program_table_21.csv,Food/History,"May 26, 2021",47–58 min,"1 season, 4 episodes",High on the Hog: How African American Cuisine Transformed America,English,
netflix-ori-program_table_21.csv,crime,"November 4, 2021",31–46 min,"3 seasons, 12 episodes",Catching Killers,English,
netflix-ori-program_table_21.csv,Sports,"January 13, 2023",43–52 min,"1 season, 10 episodes",Break Point,English,
netflix-ori-program_table_21.csv,Biography,"February 14, 2023",48–62 min,"1 season, 4 episodes",The Romantics,English,
netflix-ori-program_table_21.csv,History,"February 15, 2023",44–48 min,"1 season, 4 episodes",African Queens: Njinga,English,
netflix-ori-program_table_21.csv,Sports,"February 15, 2023",40–49 min,"1 season, 8 episodes",Full Swing,English,
netflix-ori-program_table_21.csv,crime,"February 22, 2023",33–50 min,"2 seasons, 6 episodes",Murdaugh Murders: A Southern Scandal,English,
netflix-ori-program_table_21.csv,crime,"March 3, 2023",39–70 min,"1 season, 8 episodes",In the Name of God: A Holy Betrayal,Korean,
netflix-ori-program_table_21.csv,Emergency medicine,"March 29, 2023",39–45 min,"1 season, 8 episodes",Emergency: NYC,English,
netflix-ori-program_table_21.csv,crime,"April 12, 2023",52–62 min,"1 season, 3 episodes",American Manhunt: The Boston Marathon Bombing,English,
netflix-ori-program_table_21.csv,Sports,"April 13, 2023",45–50 min,"1 season, 4 episodes",Running for My Truth: Alex Schwazer,Italian,
netflix-ori-program_table_21.csv,Finance,"April 18, 2023",29–38 min,"1 season, 8 episodes",How to Get Rich,English,
netflix-ori-program_table_21.csv,Nature,"April 19, 2023",42–51 min,"1 season, 4 episodes",Chimp Empire,English,
netflix-ori-program_table_21.csv,crime,"May 10, 2023",31–67 min,"1 season, 4 episodes",Missing: Dead or Alive?,English,
netflix-ori-program_table_21.csv,History,"May 10, 2023",41–48 min,"1 season, 4 episodes",Queen Cleopatra,English,
netflix-ori-program_table_21.csv,Subcultures,"May 23, 2023",41–48 min,"1 season, 4 episodes",MerPeople,English,
netflix-ori-program_table_21.csv,crime,"June 9, 2023",45–58 min,"1 season, 3 episodes",The Playing Card Killer,Spanish,
netflix-ori-program_table_21.csv,crime,"July 4, 2023",39–47 min,"1 season, 3 episodes",The King Who Never Was,Italian,
netflix-ori-program_table_21.csv,Sports,"July 12, 2023",43–56 min,"1 season, 8 episodes",Quarterback,English,
netflix-ori-program_table_21.csv,cults,"July 28, 2023",29–32 min,"1 season, 6 episodes",How to Become a Cult Leader,English,
netflix-ori-program_table_21.csv,crime,"August 4, 2023",46–56 min,"1 season, 4 episodes",The Hunt for Veerappan,English,
netflix-ori-program_table_21.csv,History,"September 8, 2023",35–51 min,"1 season, 8 episodes",Spy Ops,English,
netflix-ori-program_table_21.csv,Sports,"September 13, 2023",48–58 min,"1 season, 7 episodes",Wrestlers,English,
netflix-ori-program_table_21.csv,crime,"September 26, 2023",43–50 min,"1 season, 3 episodes",Who Killed Jill Dando?,English,
netflix-ori-program_table_21.csv,Extraterrestrials,"September 27, 2023",44–52 min,"1 season, 4 episodes",Encounters,English,
netflix-ori-program_table_21.csv,Music/Biography,"September 27, 2023",44–53 min,"1 season, 5 episodes",Vasco Rossi: Living It,Italian,
netflix-ori-program_table_21.csv,crime,"October 24, 2023",46–57 min,"1 season, 3 episodes",Get Gotti,English,
netflix-ori-program_table_21.csv,Nature,"October 25, 2023",41–55 min,"1 season, 8 episodes",Life on Our Planet,English,
netflix-ori-program_table_21.csv,Religion,"November 1, 2023",38–44 min,"1 season, 4 episodes",Mysteries of the Faith,English,
netflix-ori-program_table_21.csv,,Awaiting release,Awaiting release,Awaiting release,Awaiting release,Awaiting release,
netflix-ori-program_table_21.csv,cults,"November 8, 2023",TBA,"1 season, 3 episodes",Escaping Twin Flames,English,
netflix-ori-program_table_21.csv,Music,"November 8, 2023",TBA,4 episodes,Robbie Williams,English,
netflix-ori-program_table_21.csv,Politics,"November 8, 2023",TBA,TBA,"The Billionaire, the Butler and the Boyfriend",French,
netflix-ori-program_table_21.csv,Organized crime,"November 14, 2023",TBA,TBA,How to Become a Mob Boss,English,
netflix-ori-program_table_21.csv,crime,"November 29, 2023",TBA,TBA,Bad Surgeon: Love Under the Knife,English,
netflix-ori-program_table_22.csv,Makeover reality,"February 7, 2018",43–55 min,"7 seasons, 59 episodes",Queer Eye,English,
netflix-ori-program_table_22.csv,Reality,"September 14, 2018",31–40 min,"4 seasons, 32 episodes",Car Masters: Rust to Riches,English,
netflix-ori-program_table_22.csv,Reality,"March 22, 2019",25–73 min,"7 seasons, 68 episodes",Selling Sunset,English,
netflix-ori-program_table_22.csv,Music competition,"October 9, 2019",51–69 min,"1 season, 10 episodes",Rhythm + Flow,English,
netflix-ori-program_table_22.csv,Reality competition,"January 29, 2020",42–58 min,"2 seasons, 20 episodes",Next in Fashion,English,
netflix-ori-program_table_22.csv,Dating show,"February 13, 2020",31–96 min,"5 seasons, 70 episodes",Love Is Blind,English,
netflix-ori-program_table_22.csv,Dating show,"April 17, 2020",32–56 min,"5 seasons, 49 episodes",Too Hot to Handle,English,
netflix-ori-program_table_22.csv,Dating show,"July 16, 2020",24–42 min,"3 seasons, 24 episodes",Indian Matchmaking,English,
netflix-ori-program_table_22.csv,Reality competition,"September 18, 2020",40–45 min,"2 seasons, 16 episodes",Barbecue Showdown,English,
netflix-ori-program_table_22.csv,Reality,"November 27, 2020",30–44 min,"2 seasons, 16 episodes",Fabulous Lives of Bollywood Wives,English,
netflix-ori-program_table_22.csv,Dating show,"October 6, 2021",42–89 min,"3 seasons, 32 episodes",Love Is Blind: Brazil,Portuguese,
netflix-ori-program_table_22.csv,Docu-reality,"January 27, 2022",38–45 min,"2 seasons, 12 episodes",I Am Georgina,Spanish,
netflix-ori-program_table_22.csv,Game show,"March 18, 2022",35–45 min,"2 seasons, 16 episodes",Is It Cake?,English,
netflix-ori-program_table_22.csv,Reality,"March 18, 2022",32–52 min,"2 seasons, 16 episodes","Young, Famous & African",English,
netflix-ori-program_table_22.csv,Dating show,"April 6, 2022",35–58 min,"2 seasons, 20 episodes",The Ultimatum: Marry or Move On,English,
netflix-ori-program_table_22.csv,Dating show,"May 18, 2022",37–45 min,"1 season, 6 episodes",Love on the Spectrum U.S.,English,
netflix-ori-program_table_22.csv,Music competition,"June 9, 2022",36–48 min,"2 seasons, 16 episodes",Rhythm + Flow France,French,
netflix-ori-program_table_22.csv,Reality,"August 24, 2022",28–39 min,"2 seasons, 16 episodes",Selling the OC,English,
netflix-ori-program_table_22.csv,Reality,"October 27, 2022",41–50 min,"1 season, 8 episodes",Dubai Bling,Arabic,
netflix-ori-program_table_22.csv,Reality,"November 4, 2022",33–48 min,"1 season, 8 episodes",Buying Beverly Hills,English,
netflix-ori-program_table_22.csv,Reality competition,"January 24, 2023",51–88 min,"1 season, 9 episodes",Physical: 100,Korean,
netflix-ori-program_table_22.csv,Dating show,"February 14, 2023",38–64 min,"1 season, 12 episodes",Perfect Match,English,
netflix-ori-program_table_22.csv,Dating show,"February 28, 2023",40–60 min,"1 season, 10 episodes",Too Hot to Handle: Germany,German,
netflix-ori-program_table_22.csv,Quiz show,"March 1, 2023",30–42 min,"1 season, 12 episodes",Cheat,English,
netflix-ori-program_table_22.csv,Reality competition,"March 10, 2023",28–57 min,"1 season, 8 episodes",Outlast,English,
netflix-ori-program_table_22.csv,Reality competition,"March 15, 2023",40–57 min,"1 season, 8 episodes",The Law of the Jungle,Spanish,
netflix-ori-program_table_22.csv,Reality competition,"March 17, 2023",35–59 min,"1 season, 6 episodes",Dance 100,English,
netflix-ori-program_table_22.csv,Music competition,"April 4, 2023",38–53 min,"1 season, 8 episodes",The Signing,Spanish,
netflix-ori-program_table_22.csv,Dating show,"April 6, 2023",36–52 min,"1 season, 10 episodes",IRL – In Real Love,English,
netflix-ori-program_table_22.csv,Reality,"April 28, 2023",27–41 min,"1 season, 6 episodes",King of Collectibles: The Goldin Touch,English,
netflix-ori-program_table_22.csv,Dating show,"May 2, 2023",25–35 min,"1 season, 18 episodes",Love Village,Japanese,
netflix-ori-program_table_22.csv,Dating show,"May 3, 2023",25–39 min,"1 season, 8 episodes",Jewish Matchmaking,English,
netflix-ori-program_table_22.csv,Dating show,"May 24, 2023",35–65 min,"1 season, 10 episodes",The Ultimatum: Queer Love,English,
netflix-ori-program_table_22.csv,Reality competition,"May 30, 2023",33–64 min,"1 season, 10 episodes",Siren: Survive the Island,Korean,
netflix-ori-program_table_22.csv,Reality,"June 9, 2023",27–41 min,"1 season, 8 episodes",Tex Mex Motors,English,
netflix-ori-program_table_22.csv,Dating show,"June 11, 2023",34–58 min,"1 season, 12 episodes",Is She the Wolf?,Japanese,
netflix-ori-program_table_22.csv,Reality,"June 22, 2023",41–55 min,"1 season, 8 episodes",Social Currency,Hindi,
netflix-ori-program_table_22.csv,Reality competition,"July 6, 2023",44–66 min,"1 season, 8 episodes",Deep Fake Love,Spanish,
netflix-ori-program_table_22.csv,Reality,"July 7, 2023",30–36 min,"1 season, 8 episodes",Hack My Home,English,
netflix-ori-program_table_22.csv,Reality,"July 11, 2023",52–87 min,"1 season, 13 episodes",Nineteen to Twenty,Korean,
netflix-ori-program_table_22.csv,Reality competition,"July 12, 2023",48–50 min,"1 season, 6 episodes",Sugar Rush: The Baking Point,Spanish,
netflix-ori-program_table_22.csv,Baking competition,"August 4, 2023",36–50 min,"1 season, 10 episodes",The Big Nailed It Baking Challenge,English,
netflix-ori-program_table_22.csv,Reality competition,"August 8, 2023",40–66 min,"1 season, 8 episodes",Zombieverse,Korean,
netflix-ori-program_table_22.csv,Reality,"August 16, 2023",28–42 min,"1 season, 9 episodes",At Home with the Furys,English,
netflix-ori-program_table_22.csv,Reality competition,"September 26, 2023",58–75 min,"1 season, 12 episodes",The Devil's Plan,Korean,
netflix-ori-program_table_22.csv,Reality,"October 9, 2023",42–57 min,"1 season, 8 episodes",Stranded with My Mother-in-Law,Portuguese,
netflix-ori-program_table_22.csv,Reality competition,"October 20, 2023",35–59 min,"1 season, 9 episodes",Surviving Paradise,English,
netflix-ori-program_table_22.csv,Awaiting release,Awaiting release,Awaiting release,Awaiting release,Awaiting release,Awaiting release,
netflix-ori-program_table_22.csv,Reality,"November 10, 2023",TBA,"1 season, 3 episodes",Fame After Fame,Spanish,
netflix-ori-program_table_22.csv,Reality competition,"November 22, 2023",TBA,TBA,Squid Game: The Challenge,English,
netflix-ori-program_table_22.csv,Reality competition,"November 28, 2023",TBA,TBA,Comedy Royale,Korean,
netflix-ori-program_table_22.csv,Dating show,"November 28, 2023",TBA,TBA,Love Like a K-Drama,Japanese,
netflix-ori-program_table_23.csv,Crime comedy/Variety show,"March 8, 2022",30–51 min,"2 seasons, 16 episodes",Last One Standing,Japanese,
netflix-ori-program_table_23.csv,Fitness,"December 30, 2022",8–13 min,"2 volumes, 35 episodes",10 Minute Workouts,English,
netflix-ori-program_table_23.csv,Fitness,"December 30, 2022",16–23 min,"2 volumes, 21 episodes",20 Minute Workouts,English,
netflix-ori-program_table_23.csv,Fitness,"December 30, 2022",21–31 min,"2 volumes, 30 episodes",30 Minute Workouts,English,
netflix-ori-program_table_23.csv,Fitness,"December 30, 2022",6–31 min,"2 volumes, 20 episodes",Bodyweight Burn,English,
netflix-ori-program_table_23.csv,Fitness,"December 30, 2022",10–30 min,"2 volumes, 18 episodes",High Intensity Training,English,
netflix-ori-program_table_23.csv,Fitness,"March 10, 2023",6–36 min,"1 volume, 20 episodes",Abs & Core,English,
netflix-ori-program_table_23.csv,Fitness,"March 10, 2023",11–24 min,"1 volume, 12 episodes",Fire & Flow,English,
netflix-ori-program_table_23.csv,Fitness,"March 10, 2023",6–23 min,"1 volume, 12 episodes",Fitness for Runners,English,
netflix-ori-program_table_23.csv,Fitness,"March 10, 2023",26–23 min,"1 volume, 18 episodes",Ignite & Inspire with Kirsty Godso,English,
netflix-ori-program_table_23.csv,Fitness,"March 10, 2023",24–36 min,"1 volume, 12 episodes",Kick Off with Betina Gozo,English,
netflix-ori-program_table_23.csv,Fitness,"March 10, 2023",8–36 min,"1 volume, 21 episodes",Lower-Body Workouts,English,
netflix-ori-program_table_23.csv,Fitness,"March 10, 2023",11–35 min,"1 volume, 14 episodes",Upper-Body Workouts,English,
netflix-ori-program_table_23.csv,Fitness,"March 10, 2023",6–31 min,"1 volume, 17 episodes",Yoga,English,
netflix-ori-program_table_23.csv,Fitness,"March 10, 2023",6–32 min,"1 volume, 6 episodes",Yoga with Xochilt,English,
netflix-ori-program_table_23.csv,Variety show,"March 14, 2023",38–51 min,"1 season, 10 episodes",Ariyoshi Assists,Japanese,
netflix-ori-program_table_23.csv,Talk show,"April 25, 2023",30–38 min,"1 season, 6 episodes",Risqué Business: Japan,Korean,
netflix-ori-program_table_23.csv,Fitness,"July 26, 2023",11–15 min,"1 volume, 5 episodes",Soccer-Inspired Workouts for All,English,
netflix-ori-program_table_23.csv,Talk show,"August 22, 2023",30–38 min,"1 season, 6 episodes",Lighthouse,Japanese,
netflix-ori-program_table_23.csv,Talk show,"August 29, 2023",28–46 min,"1 season, 5 episodes",Risqué Business: Taiwan,Korean,
netflix-ori-program_table_23.csv,Live event,"September 7, 2023",100–121 min,"1 season, 3 episodes",Baby Gorilla Cam,English,
netflix-ori-program_table_23.csv,Live event,"October 12, 2023",115–150 min,"1 season, 4 episodes",Baby Animal Cam,English,
netflix-ori-program_table_24.csv,Science fiction anthology,"October 21, 2016",40–89 min,"4 seasons, 20 episodes",Black Mirror (seasons 3–6),English,
netflix-ori-program_table_24.csv,Docuseries,"July 6, 2018",43–54 min,"6 seasons, 23 episodes",Inside the World's Toughest Prisons (seasons 2–7),English,
netflix-ori-program_table_24.csv,Psychological thriller,"December 26, 2019",41–58 min,"3 seasons, 30 episodes",You (seasons 2–4),English,
netflix-ori-program_table_24.csv,Martial arts/Action comedy drama,"January 1, 2021",27–48 min,"3 seasons, 30 episodes",Cobra Kai (seasons 3–5),English,
netflix-ori-program_table_24.csv,Thriller,"July 7, 2021",53–60 min,"1 season, 6 episodes",The Mire (season 2),Polish,
netflix-ori-program_table_24.csv,Comedy drama,"September 24, 2021",31–44 min,"1 season, 5 episodes",Kota Factory (season 2),Hindi,
netflix-ori-program_table_24.csv,Animation,"September 5, 2022",50–64 min,"3 seasons, 5 episodes",CoComelon (seasons 6–8),English,
netflix-ori-program_table_24.csv,Reality competition,"October 7, 2022",34–47 min,"1 season, 10 episodes",The Mole (season 6),English,
netflix-ori-program_table_25.csv,Adult animated steampunk science fantasy,"November 6, 2021",39–44 min,"1 season, 9 episodes",Arcane,English,
netflix-ori-program_table_25.csv,Animated comedy,"October 12, 2022",10–13 min,"1 season, 26 episodes",The Nutty Boy,Portuguese,
netflix-ori-program_table_25.csv,Animated comedy,"June 1, 2023",22–23 min,"1 season, 20 episodes",Ninjago: Dragons Rising,English,
netflix-ori-program_table_25.csv,Animated comedy,"July 6, 2023",16–27 min,"1 season, 13 episodes","Wake Up, Carlo!",Portuguese,
netflix-ori-program_table_26.csv,Reality,"December 18, 2021",57–82 min,"2 seasons, 18 episodes",Single's Inferno,Korean,JTBC/South Korea
netflix-ori-program_table_26.csv,Reality,"March 3, 2022",51–66 min,"2 seasons, 14 episodes",The Parisian Agency: Exclusive Properties (seasons 2–3),French,TMC/France
netflix-ori-program_table_26.csv,Teen drama,"June 3, 2022",26–30 min,"2 seasons, 18 episodes",Surviving Summer,English,ZDF/Germany
netflix-ori-program_table_26.csv,Teen horror drama,"February 15, 2023",37–49 min,"1 season, 8 episodes",Red Rose,English,BBC Three/United Kingdom
netflix-ori-program_table_26.csv,Romantic comedy,"March 30, 2023",33–35 min,"1 season, 12 episodes",From Me to You: Kimi ni Todoke,Japanese,TV Tokyo/Japan
netflix-ori-program_table_26.csv,Drama,"April 21, 2023",47–55 min,"1 season, 8 episodes",Rough Diamonds,Dutch,VRT/Belgium
netflix-ori-program_table_26.csv,Teen drama,"May 10, 2023",19–25 min,"1 season, 10 episodes",Dance Brothers,Finnish,Yle/Finland
netflix-ori-program_table_26.csv,Sports docuseries,"June 8, 2023",34–49 min,"1 season, 8 episodes",Tour de France: Unchained,French,France Télévisions/France
netflix-ori-program_table_26.csv,Romantic comedy drama,"June 22, 2023",57–68 min,"1 season, 9 episodes",Let's Get Divorced,Japanese,TBS/Japan
netflix-ori-program_table_26.csv,Reality competition,"July 14, 2023",44–46 min,"1 season, 6 episodes",Five Star Chef,English,Channel 4/United Kingdom
netflix-ori-program_table_26.csv,Nature docuseries,"September 6, 2023",43–44 min,"1 season, 5 episodes",Predators,English,Sky Nature/United Kingdom
netflix-ori-program_table_26.csv,Family supernatural comedy thriller,"October 17, 2023",23–24 min,"1 season, 8 episodes",I Woke Up a Vampire,English,Family/Canada
netflix-ori-program_table_27.csv,Teen drama,"May 15, 2020",21–40 min,"2 seasons, 20 episodes",Skam Italia (seasons 4–5),Italian,
netflix-ori-program_table_28.csv,Psychological thriller miniseries,2023,,,Ripley,,
netflix-ori-program_table_28.csv,Science fiction,January 2024,,,3 Body Problem,,
netflix-ori-program_table_28.csv,Fantasy,2024,,,Avatar: The Last Airbender,,
netflix-ori-program_table_28.csv,Crime drama miniseries,2024,,,Monsters: The Lyle and Erik Menendez Story,,
netflix-ori-program_table_28.csv,Thriller miniseries,TBA,,,The 39 Steps,,
netflix-ori-program_table_28.csv,Western,TBA,,,The Abandons,,
netflix-ori-program_table_28.csv,Western miniseries,TBA,,,American Primeval,,
netflix-ori-program_table_28.csv,Fantasy,TBA,,,Baahubali: Before the Beginning,,
netflix-ori-program_table_28.csv,Drama,TBA,,,Baby Reindeer,,
netflix-ori-program_table_28.csv,Thriller,TBA,,,Black Doves,,
netflix-ori-program_table_28.csv,Supernatural mystery drama,TBA,,,The Boroughs,,
netflix-ori-program_table_28.csv,Coming-of-age drama miniseries,TBA,,,Boy Swallows Universe,,
netflix-ori-program_table_28.csv,Drama,TBA,,,The Brothers Sun,,
netflix-ori-program_table_28.csv,Supernatural drama,TBA,,,Dead Boy Detectives,,
netflix-ori-program_table_28.csv,Crime thriller,TBA,,,Department Q,,
netflix-ori-program_table_28.csv,Period drama,TBA,,,The Decameron,,
netflix-ori-program_table_28.csv,Drama,TBA,,,Desert King,,
netflix-ori-program_table_28.csv,Thriller miniseries,TBA,,,Eric,,
netflix-ori-program_table_28.csv,Young adult thriller,TBA,,,Firekeeper's Daughter,,
netflix-ori-program_table_28.csv,Teen drama,TBA,,,Forever,,
netflix-ori-program_table_28.csv,Teen drama,TBA,,,Geek Girl,,
netflix-ori-program_table_28.csv,Conspiracy thriller miniseries,TBA,,,The Madness,,
netflix-ori-program_table_28.csv,Drama miniseries,TBA,,,A Man in Full,,
netflix-ori-program_table_28.csv,Thriller/drama,TBA,,,Man on Fire,,
netflix-ori-program_table_28.csv,Science fiction miniseries,TBA,,,The Moon Represents My Heart,,
netflix-ori-program_table_28.csv,Romantic drama,TBA,,,My Life with the Walter Boys,,
netflix-ori-program_table_28.csv,Romantic drama,TBA,,,One Day,,
netflix-ori-program_table_28.csv,Crime drama miniseries,TBA,,,The Perfect Couple,,
netflix-ori-program_table_28.csv,Mystery drama,TBA,,,The Residence,,
netflix-ori-program_table_28.csv,Superhero drama,TBA,,,Supacell,,
netflix-ori-program_table_28.csv,Crime mystery miniseries,TBA,,,The Survivors,,
netflix-ori-program_table_28.csv,Thriller miniseries,TBA,,,Tall Pines,,
netflix-ori-program_table_28.csv,Teen drama,TBA,,,They Both Die at the End,,
netflix-ori-program_table_28.csv,Drama miniseries,TBA,,,Toxic Town,,
netflix-ori-program_table_28.csv,Biopic miniseries,TBA,,,Untitled Glenn Burke miniseries,,
netflix-ori-program_table_28.csv,Crime drama miniseries,TBA,,,Untitled Monster anthology series,,
netflix-ori-program_table_28.csv,Drama,TBA,,,Untitled Puneet Krishna series,,
netflix-ori-program_table_28.csv,Political thriller miniseries,TBA,,,Zero Day,,
netflix-ori-program_table_29.csv,Comedy,Late 2023,,,The Vince Staples Show,,
netflix-ori-program_table_29.csv,Comedy,Late 2023,,,YOH' Christmas,,
netflix-ori-program_table_29.csv,Military comedy drama,TBA,,,The Corps,,
netflix-ori-program_table_29.csv,Action comedy,TBA,,,The Gentlemen,,
netflix-ori-program_table_29.csv,Dark comedy,TBA,,,Kaos,,
netflix-ori-program_table_29.csv,Dark comedy,TBA,,,No Good Deed,,
netflix-ori-program_table_29.csv,Thriller comedy drama,TBA,,,On Record,,
netflix-ori-program_table_29.csv,Comedy,TBA,,,Untitled Erin Foster and Kristen Bell series,,
netflix-ori-program_table_29.csv,Workplace comedy,TBA,,,Untitled Los Angeles Lakers series,,
netflix-ori-program_table_29.csv,Dark comedy,TBA,,,Untitled Puneet Krishna series,,
netflix-ori-program_table_29.csv,Crime comedy,TBA,,,Untitled series based on The Mole Agent,,
netflix-ori-program_table_30.csv,Comedy,Late 2023,,,Exploding Kittens,,
netflix-ori-program_table_30.csv,Military science fiction,TBA,,,Gears of War,,
netflix-ori-program_table_30.csv,Science fiction horror,TBA,,,Untitled Stranger Things animated series,,
netflix-ori-program_table_31.csv,Science fiction,2024,,,Moonrise,,
netflix-ori-program_table_31.csv,Science fiction,2024,,,Time Patrol Bon,,
netflix-ori-program_table_31.csv,Action-adventure,2024,,,Tomb Raider: The Legend of Lara Croft,,
netflix-ori-program_table_31.csv,Horror,TBA,,,Army of the Dead: Lost Vegas,,
netflix-ori-program_table_31.csv,Slice of life,TBA,,,Beat & Motion,,
netflix-ori-program_table_31.csv,Dark fantasy action,TBA,,,Devil May Cry,,
netflix-ori-program_table_31.csv,Action,TBA,,,Lady Napoleon,,
netflix-ori-program_table_31.csv,Science fiction horror,TBA,,,Stranger Things: Tokyo,,
netflix-ori-program_table_31.csv,Action-adventure,TBA,,,Tom Clancy's Splinter Cell,,
netflix-ori-program_table_31.csv,Fantasy action,TBA,,,Twilight of the Gods,,
netflix-ori-program_table_31.csv,Superhero,TBA,,,Untitled BRZRKR series,,
netflix-ori-program_table_31.csv,Action-adventure,TBA,,,Untitled Far Cry series,,
netflix-ori-program_table_31.csv,Dark fantasy,TBA,,,Untitled Grimms' Fairy Tales series,,
netflix-ori-program_table_31.csv,Science fiction,TBA,,,Untitled Terminator series,,
netflix-ori-program_table_32.csv,Stop-motion fantasy,December 2023,,,Pokémon Concierge,,
netflix-ori-program_table_32.csv,Historical action adventure,2024,,,Astérix,,
netflix-ori-program_table_32.csv,Preschool,2024,,,Dee & Friends in Oz,,
netflix-ori-program_table_32.csv,Preschool,2024,,,Hot Wheels Let's Race,,
netflix-ori-program_table_32.csv,Science fiction action-adventure,2024,,,Jurassic World: Chaos Theory,,
netflix-ori-program_table_32.csv,Preschool,2024,,,Mighty MonsterWheelies,,
netflix-ori-program_table_32.csv,Comedy,TBA,,,Bad Dinosaurs,,
netflix-ori-program_table_32.csv,Preschool,TBA,,,Horton Hears a Who!,,
netflix-ori-program_table_32.csv,Supernatural adventure,TBA,,,Jentry Chau vs. The Underworld,,
netflix-ori-program_table_32.csv,Fantasy,TBA,,,Mermaid Magic,,
netflix-ori-program_table_32.csv,Preschool,TBA,,,"One Fish, Two Fish, Red Fish, Blue Fish",,
netflix-ori-program_table_32.csv,Fantasy comedy,TBA,,,The Seven Bears,,
netflix-ori-program_table_32.csv,Space opera,TBA,,,Untitled Rebel Moon series,,
netflix-ori-program_table_32.csv,Fantasy,TBA,,,Untitled The Witcher series,,
netflix-ori-program_table_32.csv,Preschool,TBA,,,Wacky Wednesday,,
netflix-ori-program_table_32.csv,Epic fantasy adventure,TBA,,,Wereworld,,
netflix-ori-program_table_33.csv,Drama,2024,,,La Cage,,
netflix-ori-program_table_33.csv,Crime drama,TBA,,,Anthracite,,
netflix-ori-program_table_33.csv,Comedy,TBA,,,Fiasco,,
netflix-ori-program_table_33.csv,Action,TBA,,,Furies,,
netflix-ori-program_table_34.csv,Mystery thriller,2024,,,Hello,,
netflix-ori-program_table_34.csv,Comedy drama,2024,,,Plötzlich Kanzlerin,,
netflix-ori-program_table_34.csv,Legal drama,TBA,,,Achtsam Morden,,
netflix-ori-program_table_34.csv,Thriller,TBA,,,Cassandra,,
netflix-ori-program_table_34.csv,Thriller,TBA,,,Criminel,,
netflix-ori-program_table_34.csv,Comedy,TBA,,,Spieleabend,,
netflix-ori-program_table_34.csv,Thriller,TBA,,,The Signal,,
netflix-ori-program_table_35.csv,Historical drama,2024,,,Brigands: The Quest for Gold,,
netflix-ori-program_table_35.csv,Thriller,2024,,,Inganno,,
netflix-ori-program_table_35.csv,Drama,2024,,,The Life You Wanted,,
netflix-ori-program_table_35.csv,Drama,2024,,,The Leopard,,
netflix-ori-program_table_35.csv,Biopic,2024,,,Supersex,,
netflix-ori-program_table_35.csv,Coming-of-age/drama,TBA,,,Adorazione,,
netflix-ori-program_table_35.csv,Crime drama miniseries,TBA,,,Il Mostro,,
netflix-ori-program_table_35.csv,Comedy,TBA,,,Lotto Gang,,
netflix-ori-program_table_35.csv,Drama,TBA,,,Nemesis,,
netflix-ori-program_table_35.csv,Crime drama,TBA,,,Sara,,
netflix-ori-program_table_35.csv,Drama,TBA,,,Storia della mia famiglia,,
netflix-ori-program_table_36.csv,Sports drama,2024,,,The Queen of Villains,,
netflix-ori-program_table_36.csv,Drama,2024,,,House of Ninjas,,
netflix-ori-program_table_36.csv,Romantic drama,TBA,,,Beyond Goodbye,,
netflix-ori-program_table_37.csv,Period drama,2024,,,Hong Rang,,
netflix-ori-program_table_37.csv,Historical drama,TBA,,,Aema,,
netflix-ori-program_table_37.csv,Mystery thriller,TBA,,,Alone in the Woods,,
netflix-ori-program_table_37.csv,Thriller,TBA,,,The Bequeathed,,
netflix-ori-program_table_37.csv,Comedic mystery,TBA,,,Chicken Nugget,,
netflix-ori-program_table_37.csv,Science fiction,TBA,,,Goodbye Earth,,
netflix-ori-program_table_37.csv,Thriller,TBA,,,Mercy for None,,
netflix-ori-program_table_37.csv,Comedy thriller,TBA,,,Murder DIEary,,
netflix-ori-program_table_37.csv,Horror thriller/Science fiction,TBA,,,Parasyte: The Grey,,
netflix-ori-program_table_37.csv,Drama,TBA,,,Queen of the Scene,,
netflix-ori-program_table_37.csv,Action thriller,TBA,,,Trigger,,
netflix-ori-program_table_37.csv,Thriller,TBA,,,The Trunk,,
netflix-ori-program_table_37.csv,Political drama,TBA,,,The Whirlwind,,
netflix-ori-program_table_38.csv,Fantasy,TBA,,,Agent from Above,,
netflix-ori-program_table_38.csv,Crime thriller,TBA,,,Million-follower Detective,,
netflix-ori-program_table_38.csv,Romantic comedy,TBA,,,The Nipple Talk,,
netflix-ori-program_table_39.csv,Comedy,December 2023,,,1670,,
netflix-ori-program_table_39.csv,Crime drama,TBA,,,Detective Forst,,
netflix-ori-program_table_39.csv,Drama,TBA,,,Lovzone,,
netflix-ori-program_table_40.csv,Coming-of-age,2023,,,Cindy la Regia,,
netflix-ori-program_table_40.csv,Drama,2023,,,Untitled Carolina Rivera series,,
netflix-ori-program_table_40.csv,Heist drama,2024,,,Bandidos,,
netflix-ori-program_table_40.csv,Thriller,TBA,,,1992,,
netflix-ori-program_table_40.csv,Heist,TBA,,,Asalto al Banco Central,,
netflix-ori-program_table_40.csv,Thriller miniseries,TBA,,,Atrapados,,
netflix-ori-program_table_40.csv,Crime drama,TBA,,,Clanes,,
netflix-ori-program_table_40.csv,Crime drama,TBA,,,El caso Asunta,,
netflix-ori-program_table_40.csv,Science fiction,TBA,,,El eternauta,,
netflix-ori-program_table_40.csv,Comedy,TBA,,,Envidiosa,,
netflix-ori-program_table_40.csv,Thriller miniseries,TBA,,,La última noche en Tremore Beach,,
netflix-ori-program_table_40.csv,Thriller,TBA,,,Mano de hierro,,
netflix-ori-program_table_40.csv,Teen drama,TBA,,,Ni una más,,
netflix-ori-program_table_40.csv,Drama,TBA,,,One Hundred Years of Solitude,,
netflix-ori-program_table_40.csv,Medical drama,TBA,,,Respira,,
netflix-ori-program_table_40.csv,Drama miniseries,TBA,,,Untitled adaptation of Claudia Piñeiro's El tiempo de las moscas and Tuya,,
netflix-ori-program_table_40.csv,Drama,TBA,,,Untitled Álex Pina series,,
netflix-ori-program_table_40.csv,Drama,TBA,,,Untitled series about the hijacking of a Colombian airplane in 1973,,
netflix-ori-program_table_41.csv,Drama,2024,,,Asaf,,
netflix-ori-program_table_41.csv,Romantic comedy,2024,,,Kimler Geldi Kimler Geçti,,
netflix-ori-program_table_41.csv,Crime drama,2024,,,The Town,,
netflix-ori-program_table_41.csv,Drama,2024,,,Untitled Berkun Oya series,,
netflix-ori-program_table_42.csv,Drama,2024,,,Billionaire Island,Norwegian,
netflix-ori-program_table_42.csv,Drama,2024,,,Deliver Me,Swedish,
netflix-ori-program_table_42.csv,Drama,2024,,,Midsummer Night,Norwegian,
netflix-ori-program_table_42.csv,Comedy,TBA,,,Comedy Chaos,Indonesian,
netflix-ori-program_table_42.csv,Comedy drama,TBA,,,Crashing Eid,Arabic,
netflix-ori-program_table_42.csv,Romantic drama,TBA,,,Heeramandi,Hindi,
netflix-ori-program_table_42.csv,Drama,TBA,,,Jo Bachay Hain Sang Samait Lo,Urdu,
netflix-ori-program_table_42.csv,Dark comedy,TBA,,,Killer Soup,Hindi,
netflix-ori-program_table_42.csv,Science fiction,TBA,,,Nightmares and Daydreams,Indonesian,
netflix-ori-program_table_42.csv,Biopic miniseries,TBA,,,Senna,Portuguese,
netflix-ori-program_table_42.csv,Crime drama,TBA,,,Subteran,Romanian,
netflix-ori-program_table_42.csv,Heist drama,TBA,,,The Helicopter Heist,Swedish,
netflix-ori-program_table_42.csv,Drama miniseries,TBA,,,Untitled Candelária massacre series,Portuguese,
netflix-ori-program_table_42.csv,Comedy,TBA,,,Untitled Elise Schaap series,Dutch,
netflix-ori-program_table_43.csv,Sports,Late 2023,,,Untitled United States women's national soccer team docuseries,English,
netflix-ori-program_table_43.csv,Sports,2023,,,Untitled 2022 FIFA World Cup docuseries,English,
netflix-ori-program_table_43.csv,Sports,Early 2024,,,Untitled NASCAR docuseries,English,
netflix-ori-program_table_43.csv,Nature,2024,,,Our Living World,English,
netflix-ori-program_table_43.csv,Nature,2024,,,Our Oceans,English,
netflix-ori-program_table_43.csv,Music,2024,,,Untitled Dream Academy docuseries,English,
netflix-ori-program_table_43.csv,Sports,2024,,,Untitled Six Nations Championship docuseries,English,
netflix-ori-program_table_43.csv,Sports,2024,,,Untitled sprinting docuseries,English,
netflix-ori-program_table_43.csv,Nature,2025,,,Our Water World,English,
netflix-ori-program_table_43.csv,Documentary/drama,TBA,,,Alexander the Great,English,
netflix-ori-program_table_43.csv,crime,TBA,,,All American Nightmare,English,
netflix-ori-program_table_43.csv,History,TBA,,,Einstein and the Bomb,English,
netflix-ori-program_table_43.csv,Travel,TBA,,,Fatherhood with My Father,English,
netflix-ori-program_table_43.csv,crime,TBA,,,Fertility Fraudster,Dutch,
netflix-ori-program_table_43.csv,crime,TBA,,,Hunting Gary Glitter,English,
netflix-ori-program_table_43.csv,Military,TBA,,,Inside the World's Toughest Forces,English,
netflix-ori-program_table_43.csv,crime,TBA,,,Raël: The Last Prophet,French,
netflix-ori-program_table_43.csv,crime,TBA,,,Untitled 2016 Bitfinex hack docuseries,English,
netflix-ori-program_table_43.csv,crime,TBA,,,Untitled Gilgo Beach serial killings docuseries,English,
netflix-ori-program_table_43.csv,Sports,TBA,,,Untitled La Liga docuseries,Spanish,
netflix-ori-program_table_43.csv,Sports,TBA,,,Untitled NBA docuseries,English,
netflix-ori-program_table_43.csv,History,TBA,,,World War II: From the Frontlines,English,
netflix-ori-program_table_44.csv,Dating show,2023,,,The Ultimatum: South Africa,English,
netflix-ori-program_table_44.csv,Dating show,2024,,,Love Is Blind: UK,English,
netflix-ori-program_table_44.csv,Music competition,2024,,,Rhythm + Flow Italy,Italian,
netflix-ori-program_table_44.csv,Dating show,TBA,,,Love Is Blind: Argentina,Spanish,
netflix-ori-program_table_44.csv,Dating show,TBA,,,Love Is Blind: Germany,German,
netflix-ori-program_table_44.csv,Dating show,TBA,,,Love Is Blind: Sweden,Swedish,
netflix-ori-program_table_44.csv,Reality,TBA,,,Nayanthara: Beyond the Fairytale,English,
netflix-ori-program_table_45.csv,Coming-of-age romantic comedy,March 2024,,,Teasing Master Takagi-san,Japanese,TBS/Japan
netflix-ori-program_table_45.csv,Period drama,Late 2024,,,Winter Palace,".mw-parser-output .plainlist ol,.mw-parser-output .plainlist ul{line-height:inherit;list-style:none;margin:0;padding:0}.mw-parser-output .plainlist ol li,.mw-parser-output .plainlist ul li{margin-bottom:0}EnglishFrench",RTS/Switzerland
netflix-ori-program_table_45.csv,Children's animation,TBA,,,Eddie's Lil' Homies,English,NITV/Australia
netflix-ori-program_table_45.csv,Drama miniseries,TBA,,,Lockerbie,English,BBC One/United Kingdom
netflix-ori-program_table_45.csv,Comedy,TBA,,,Untitled Arctic comedy series,English,APTN/CanadaCBC Television/Canada
netflix-ori-program_table_45.csv,Period drama miniseries,TBA,,,Untitled Front Populaire miniseries,French,TF1/France
netflix-ori-program_table_46.csv,Anime,2024,TBA,TBA,Kimi ni Todoke (season 3),Japanese,
netflix-ori-program_table_46.csv,Animated science fiction comedy,2024,TBA,TBA,Star Trek: Prodigy (season 2),English,
netflix-ori-program_table_46.csv,Comedy,TBA,TBA,TBA,Girls5eva (season 3),English,
netflix-ori-program_table_46.csv,True crime docuseries,TBA,TBA,TBA,My Lover My Killer (season 2),English,
netflix-ori-program_table_47.csv,Aftershow,TBA,,,Love Is Blind Brazil: After the Altar,Portuguese,
netflix-ori-program_table_48.csv,Semi-autobiographical drama,,,,The 50th Law,,
netflix-ori-program_table_48.csv,Drama,,,,Agency,,
netflix-ori-program_table_48.csv,Teen mystery thriller,,,,Arbor Hall,,
netflix-ori-program_table_48.csv,Comedy,,,,Astronaut Chicks,,
netflix-ori-program_table_48.csv,Drama,,,,The Atomic Bazaar,,
netflix-ori-program_table_48.csv,Drama miniseries,,,,Black Rabbit,,
netflix-ori-program_table_48.csv,Drama anthology,,,,Blackout,,
netflix-ori-program_table_48.csv,Swedish language mystery,,,,The Breakthrough,,
netflix-ori-program_table_48.csv,Drama,,,,Coming Undone,,
netflix-ori-program_table_48.csv,Romantic drama,,,,A Concise Chinese-English Dictionary for Lovers,,
netflix-ori-program_table_48.csv,Psychological thriller,,,,Confessions on the 7:45,,
netflix-ori-program_table_48.csv,Thriller/drama,,,,The Craving,,
netflix-ori-program_table_48.csv,Supernatural drama,,,,Death Note,,
netflix-ori-program_table_48.csv,Comedy,,,,Dumped,,
netflix-ori-program_table_48.csv,Drama miniseries,,,,East of Eden,,
netflix-ori-program_table_48.csv,Thriller/drama,,,,El cuco de cristal,,
netflix-ori-program_table_48.csv,Drama,,,,Free Food for Millionaires,,
netflix-ori-program_table_48.csv,Polish language neo-western,,,,Go Ahead Brother,,
netflix-ori-program_table_48.csv,Western,,,,The Hated,,
netflix-ori-program_table_48.csv,Drama,,,,The Henna Artist,,
netflix-ori-program_table_48.csv,Polish language disaster drama,,,,Heweliusz,,
netflix-ori-program_table_48.csv,Science fiction,,,,Horizon,,
netflix-ori-program_table_48.csv,Animated action-adventure,,,,"I, Chihuahua!",,
netflix-ori-program_table_48.csv,Comedy,,,,Little Sky,,
netflix-ori-program_table_48.csv,Fantasy,,,,The Magic Order,,
netflix-ori-program_table_48.csv,Thriller,,,,Mind MGMT,,
netflix-ori-program_table_48.csv,Comedy drama,,,,Nice Jewish Girls,,
netflix-ori-program_table_48.csv,Superhero teen drama,,,,Night Club,,
netflix-ori-program_table_48.csv,Science fiction,,,,Nocterra,,
netflix-ori-program_table_48.csv,Romance drama,,,,One Day in December,,
netflix-ori-program_table_48.csv,Science fiction thriller,,,,Orbital,,
netflix-ori-program_table_48.csv,Drama,,,,The Overstory,,
netflix-ori-program_table_48.csv,Heist drama,,,,Portrait of a Thief,,
netflix-ori-program_table_48.csv,Teen drama,,,,Princess of South Beach,,
netflix-ori-program_table_48.csv,Drama,,,,Ransom Canyon,,
netflix-ori-program_table_48.csv,Fantasy teen drama,,,,Raybearer,,
netflix-ori-program_table_48.csv,Drama,,,,Revenge Inc.,,
netflix-ori-program_table_48.csv,Fantasy teen drama,,,,Shadecraft,,
netflix-ori-program_table_48.csv,Horror,,,,Something Is Killing the Children,,
netflix-ori-program_table_48.csv,Drama,,,,Stronger,,
netflix-ori-program_table_48.csv,Superhero drama,,,,Supercrooks,,
netflix-ori-program_table_48.csv,Fantasy,,,,The Talisman,,
netflix-ori-program_table_48.csv,Drama,,,,Untitled Bisha K. Ali series,,
netflix-ori-program_table_48.csv,Drama,,,,"Untitled ""Daddy Ball"" series",,
netflix-ori-program_table_48.csv,Biopic,,,,Untitled Frank Sinatra biopic series,,
netflix-ori-program_table_48.csv,Animated horror comedy,,,,Untitled Ghostbusters animated series,,
netflix-ori-program_table_48.csv,TBA,,,,Untitled Jeffrey Addiss and Will Matthews series,,
netflix-ori-program_table_48.csv,Biopic miniseries,,,,Untitled John F. Kennedy miniseries,,
netflix-ori-program_table_48.csv,Comedy,,,,Untitled Lilly Singh/Kenya Barris series,,
netflix-ori-program_table_48.csv,Drama,,,,Untitled Lucy Prebble series,,
netflix-ori-program_table_48.csv,Spy,,,,Untitled Mark Millar project,,
netflix-ori-program_table_48.csv,Animated fantasy,,,,Untitled Martin the Warrior series,,
netflix-ori-program_table_48.csv,Animated fantasy miniseries,,,,Untitled Maya and the Three-related series,,
netflix-ori-program_table_48.csv,Drama,,,,Untitled Michael Green/Leila Gerstein series,,
netflix-ori-program_table_48.csv,Mystery drama,,,,Untitled Myron Bolitar series,,
netflix-ori-program_table_48.csv,True crime docuseries,,,,Untitled Owen Hanson docuseries,,
netflix-ori-program_table_48.csv,Fantasy,,,,Untitled Pokémon live-action series,,
netflix-ori-program_table_48.csv,Drama,,,,Untitled Puneet Krishna series,,
netflix-ori-program_table_48.csv,Comedy,,,,Untitled Regina Hicks project,,
netflix-ori-program_table_48.csv,Spy thriller,,,,Untitled Simon Riske series,,
netflix-ori-program_table_48.csv,Science fiction drama,,,,Untltled Stranger Things spin-off series,,
netflix-ori-program_table_48.csv,Biopic,,,,Untitled U2 biopic series,,
netflix-ori-program_table_48.csv,Crime drama,,,,"Untitled Washington Post ""Gringo Hunters"" series",,
netflix-ori-program_table_48.csv,Period drama,,,,Yasuke,,
